{"train/loss": 4.5473, "train/learning_rate": 9.923312883435584e-05, "train/epoch": 0.17, "train/global_step": 40, "_timestamp": 1750201430.583706, "_runtime": 141.57757782936096, "_step": 3, "_wandb": {"runtime": 168}}